http://scholars.cornell.edu/individual/org68763,Meinig School of Biomedical Engineering,1380,1844,2325
http://scholars.cornell.edu/individual/org49841,Electrical and Computer Engineering,2007,558,2062
http://scholars.cornell.edu/individual/org66771,Sibley School of Mechanical and Aerospace Engineering,1317,909,1942
http://scholars.cornell.edu/individual/org80541,Smith School of Chemical and Biomolecular Engineering,876,923,1908
http://scholars.cornell.edu/individual/org93835,Applied and Engineering Physics,859,645,1757
http://scholars.cornell.edu/individual/org15006,Civil and Environmental Engineering,1312,337,1359
http://scholars.cornell.edu/individual/org42189,Materials Science and Engineering,755,428,1721
http://scholars.cornell.edu/individual/org32427,Earth and Atmospheric Sciences,738,95,917
http://scholars.cornell.edu/individual/org62682,Operations Research and Information Engineering,898,107,613
http://scholars.cornell.edu/individual/org95974,Statistical Science,518,50,276
