http://scholars.cornell.edu/individual/org30434,School of Integrative Plant Science                        
http://scholars.cornell.edu/individual/org24788,Molecular Biology and Genetics                             
http://scholars.cornell.edu/individual/org92335,Ecology and Evolutionary Biology                           
http://scholars.cornell.edu/individual/org49841,Electrical and Computer Engineering                        
http://scholars.cornell.edu/individual/org17112,Natural Resources                                          
http://scholars.cornell.edu/individual/org86203,Food Science                                               
http://scholars.cornell.edu/individual/org32427,Earth and Atmospheric Sciences                             
http://scholars.cornell.edu/individual/org38556,Charles H. Dyson School of Applied Economics and Management
http://scholars.cornell.edu/individual/org42189,Materials Science and Engineering                          
http://scholars.cornell.edu/individual/org95927,Entomology                                                 
