http://scholars.cornell.edu/individual/org30434,School of Integrative Plant Science,5424,1856,4669  
http://scholars.cornell.edu/individual/org24788,Molecular Biology and Genetics,1473,2116,3319  
http://scholars.cornell.edu/individual/org68763,Meinig School of Biomedical Engineering,1388,1844,2851  
http://scholars.cornell.edu/individual/org92335,Ecology and Evolutionary Biology,2171,1127,2511  
http://scholars.cornell.edu/individual/org86203,Food Science,1275,1604,2870  
http://scholars.cornell.edu/individual/org75400,Animal Science,1137,1328,2082  
http://scholars.cornell.edu/individual/org66771,Sibley School of Mechanical and Aerospace Engineering,1500,912,2015  
http://scholars.cornell.edu/individual/org17112,Natural Resources,2461,487,1287  
http://scholars.cornell.edu/individual/org95927,Entomology,1735,712,1785  
http://scholars.cornell.edu/individual/org49841,Electrical and Computer Engineering,2018,561,1559  
